Model,Description,Recall,Precision,F1,ROC-AUC,PR-AUC,FPR,Accuracy,Threshold
v1,Autoencoder baseline,0.0945945945945946,0.1206896551724138,0.10606060606060606,0.6210948852077884,0.1181316124767438,0.0456989247311828,0.9008403361344538,0.8136448797182645
v2,AE + outlier handling,0.08783783783783784,0.12871287128712872,0.10441767068273092,0.6116181705899448,0.1300002090566418,0.03942652329749104,0.9063025210084034,1.0302679533815513
v3,AE + balancing + more epochs,0.11486486486486487,0.1588785046728972,0.13333333333333333,0.5091830742032355,0.08163875116356098,0.04032258064516129,0.9071428571428571,1.0789991167226594
v4,LSTM-Attention sequence model,0.0,0.0,0.0,0.5052208835341365,0.3008303392412037,0.0542168674698795,0.6514522821576764,3.872156993077204
