accuracy,precision,recall,f1_score,roc_auc,pr_auc,threshold
0.9071428571428571,0.1588785046728972,0.11486486486486487,0.13333333333333333,0.5091830742032355,0.07979372891397551,1.0789991167226594
