Feature,IQR_Outliers,IQR_Percent,ZScore_Outliers,ZScore_Percent,ModZScore_Outliers,ModZScore_Percent,Consensus_Outliers,Consensus_Percent,Normal_Consensus,Attack_Consensus
bytes,240,10.084033613445378,11,0.46218487394957986,395,16.596638655462183,240,10.084033613445378,232,8
pkts,192,8.067226890756302,18,0.7563025210084033,215,9.033613445378151,192,8.067226890756302,182,10
duration,523,21.974789915966387,46,1.9327731092436975,852,35.79831932773109,523,21.974789915966387,476,47
iat_mean,504,21.176470588235293,30,1.2605042016806722,856,35.96638655462185,504,21.176470588235293,459,45
iat_std,3,0.12605042016806722,4,0.16806722689075632,0,0.0,3,0.12605042016806722,3,0
