,PC1,PC2,PC3
bytes,0.006572598754694856,0.705561668166312,0.008438029209310959
pkts,0.013515622589754351,0.7062326807534997,-0.0015949654258113006
duration,0.6138027811914634,0.03601605928053796,-0.10439499608772611
iat_mean,0.5458684201305368,-0.029854677049210396,0.7720531262429917
iat_std,0.5701297594385314,-0.03506671901225581,-0.6268667408617399
