Feature,Mann_Whitney_U,MW_p_value,MW_Significativo,KS_statistic,KS_p_value,KS_Significativo,Cohens_d,Effect_Size
bytes,193965.0,0.0003751315823622422,Sim,0.20413155090574445,1.5065973840389804e-05,Sim,-0.0692717844105825,Pequeno
pkts,195165.0,0.00013693080244326557,Sim,0.18616196842003294,0.00011006242510521385,Sim,-0.08701337299483251,Pequeno
duration,160143.0,0.5348164270495378,Não,0.1471229293809939,0.0043517810439852225,Sim,-0.007614746499294273,Pequeno
iat_mean,148052.5,0.03449856129452258,Sim,0.1723457328296038,0.0004470526993102266,Sim,0.38669308317552703,Pequeno
iat_std,46290.0,0.5168533440141321,Não,0.1748535236837762,0.025355840492336103,Sim,-0.128187264879775,Pequeno
