accuracy,precision,recall,f1_score,roc_auc,pr_auc,threshold
0.9008403361344538,0.1206896551724138,0.0945945945945946,0.10606060606060606,0.6210948852077884,0.11446035279464789,0.8136448797182645
