accuracy,precision,recall,f1_score,roc_auc,pr_auc,threshold
0.9063025210084034,0.12871287128712872,0.08783783783783784,0.10441767068273092,0.6116181705899448,0.12846086401282536,1.0302679533815513
